Price,Close,High,Low,Open,Volume,50_MA,200_MA,Daily_Return
Ticker,^NDX,^NDX,^NDX,^NDX,^NDX,,,
Date,,,,,,,,
2023-09-01,15490.8603515625,15618.849609375,15429.3603515625,15600.9501953125,4033960000,,,
2023-09-05,15508.240234375,15556.849609375,15419.9599609375,15460.51953125,4379790000,,,0.0011219443218817293
2023-09-06,15371.4404296875,15487.0,15289.48046875,15467.3203125,4215320000,,,-0.00882110430455385
2023-09-07,15258.51953125,15288.2001953125,15138.73046875,15174.2197265625,4320830000,,,-0.007346149435638494
2023-09-08,15280.23046875,15374.2197265625,15244.0595703125,15265.5703125,4160360000,,,0.0014228731336309863
2023-09-11,15461.8701171875,15482.83984375,15328.349609375,15409.76953125,4538870000,,,0.011887232251436064
2023-09-12,15289.740234375,15447.849609375,15278.8798828125,15390.58984375,4595490000,,,-0.011132539693316845
2023-09-13,15348.5302734375,15414.6103515625,15256.599609375,15293.26953125,4840310000,,,0.0038450646094252416
2023-09-14,15473.8896484375,15512.8203125,15337.1796875,15433.009765625,4649010000,,,0.008167516548274856
2023-09-15,15202.400390625,15435.4501953125,15173.7099609375,15425.9501953125,8162210000,,,-0.0175449912065202
2023-09-18,15225.3701171875,15268.9599609375,15155.4599609375,15161.169921875,4855880000,,,0.001510927614869706
2023-09-19,15191.23046875,15219.919921875,15069.41015625,15152.5302734375,4453460000,,,-0.002242286931268822
2023-09-20,14969.919921875,15245.1904296875,14967.599609375,15225.33984375,4782440000,,,-0.014568309481595931
2023-09-21,14694.240234375,14849.25,14691.6904296875,14813.490234375,5014890000,,,-0.018415575296241826
2023-09-22,14701.099609375,14855.919921875,14686.83984375,14756.6201171875,4302700000,,,0.0004668070543689673
2023-09-25,14768.900390625,14771.1201171875,14615.4501953125,14662.6904296875,4100290000,,,0.004611953054638462
2023-09-26,14545.830078125,14678.48046875,14505.6796875,14668.4501953125,4693540000,,,-0.015104056943982092
2023-09-27,14580.16015625,14657.2099609375,14432.599609375,14600.1396484375,4841410000,,,0.0023601319375117225
2023-09-28,14702.76953125,14787.580078125,14510.169921875,14530.9599609375,4648390000,,,0.00840932978006026
2023-09-29,14715.240234375,14901.849609375,14664.7802734375,14853.349609375,5138500000,,,0.0008481873499066594
2023-10-02,14837.5703125,14892.1796875,14701.51953125,14717.900390625,4554700000,,,0.008313155352994928
2023-10-03,14565.6201171875,14819.8701171875,14504.1396484375,14744.0498046875,4684310000,,,-0.01832848570115242
2023-10-04,14776.25,14803.0400390625,14592.5595703125,14613.23046875,4308070000,,,0.014460756295844535
2023-10-05,14723.2197265625,14784.6904296875,14584.3896484375,14769.5498046875,4167470000,,,-0.0035888857753151315
2023-10-06,14973.240234375,15021.3798828125,14575.9501953125,14622.23046875,4309420000,,,0.01698137448573367
2023-10-09,15047.150390625,15070.6396484375,14816.3203125,14871.5703125,3835930000,,,0.004936149764051656
2023-10-10,15131.51953125,15241.9404296875,15050.5400390625,15074.0400390625,4301350000,,,0.00560698460736897
2023-10-11,15241.1201171875,15248.2197265625,15119.6201171875,15194.5302734375,4160440000,,,0.0072431975989688535
2023-10-12,15184.099609375,15333.98046875,15090.6904296875,15264.1103515625,4858620000,,,-0.0037412281626333366
2023-10-13,14995.1201171875,15232.3701171875,14943.419921875,15225.73046875,4251550000,,,-0.012445880694224365
2023-10-16,15172.73046875,15209.5,15047.26953125,15054.48046875,4308690000,,,0.011844543436429156
2023-10-17,15122.009765625,15187.0595703125,14932.76953125,15009.259765625,4417640000,,,-0.003342885661184347
2023-10-18,14909.259765625,15103.8701171875,14865.8095703125,15022.2802734375,4617140000,,,-0.014068897143792225
2023-10-19,14783.1298828125,15023.91015625,14749.2998046875,14981.1298828125,5014790000,,,-0.008459835350330902
2023-10-20,14560.8798828125,14781.2197265625,14552.1201171875,14752.58984375,4622840000,,,-0.015034028772107133
2023-10-23,14604.849609375,14746.3701171875,14419.0595703125,14514.1103515625,4669060000,,,0.003019716316347232
2023-10-24,14745.8603515625,14774.16015625,14610.330078125,14678.41015625,4604720000,,,0.009655062938613401
2023-10-25,14381.6396484375,14643.6904296875,14362.240234375,14642.080078125,4599850000,,,-0.024699861143497537
2023-10-26,14109.5703125,14372.509765625,14058.330078125,14314.009765625,4894900000,,,-0.018917824572739828
2023-10-27,14180.419921875,14321.0400390625,14130.3701171875,14245.75,4172100000,,,0.005021386747138035
2023-10-30,14335.509765625,14388.2001953125,14225.8603515625,14283.98046875,4149320000,,,0.010936900642184444
2023-10-31,14409.7802734375,14420.4404296875,14232.400390625,14340.8603515625,4315630000,,,0.005180876650134447
2023-11-01,14664.91015625,14677.8603515625,14441.8896484375,14453.6796875,4545120000,,,0.017705327768446022
2023-11-02,14919.5498046875,14930.759765625,14792.8095703125,14856.9501953125,4962950000,,,0.017363873745177782
2023-11-03,15099.490234375,15149.7802734375,14965.2900390625,14985.1201171875,4918750000,,,0.012060714434624975
2023-11-06,15154.9296875,15180.1904296875,15064.91015625,15137.16015625,4345850000,,,0.0036716109129821817
2023-11-07,15296.01953125,15335.4404296875,15153.3095703125,15201.76953125,4354460000,,,0.00930983162966248
2023-11-08,15313.240234375,15343.1904296875,15220.8798828125,15313.900390625,4685550000,,,0.0011258290491731326
2023-11-09,15187.900390625,15382.1103515625,15171.3203125,15351.1201171875,5313970000,,,-0.00818506350267001
2023-11-10,15529.1201171875,15535.2001953125,15237.169921875,15252.3603515625,4722140000,14954.72384765625,,0.02246655020025834
2023-11-13,15482.7900390625,15524.66015625,15404.7099609375,15469.2099609375,4349590000,14954.56244140625,,-0.002983432272748221
2023-11-14,15812.4697265625,15850.33984375,15726.1201171875,15744.3603515625,5332490000,14960.64703125,,0.021293299635803953
2023-11-15,15817.1796875,15904.6298828125,15765.3095703125,15881.7197265625,5063830000,14969.56181640625,,0.00029786371256013133
2023-11-16,15833.169921875,15842.6298828125,15738.2197265625,15765.2001953125,4545180000,14981.05482421875,,0.0010109409320067098
2023-11-17,15837.990234375,15876.8701171875,15766.9404296875,15803.98046875,4408640000,14992.21001953125,,0.00030444393155537597
2023-11-20,16027.0595703125,16056.759765625,15844.830078125,15845.2001953125,4561810000,15003.51380859375,,0.011937710097026155
2023-11-21,15933.6201171875,15968.08984375,15866.8203125,15951.5498046875,4128600000,15016.39140625,,-0.005830105810430863
2023-11-22,16001.3896484375,16119.3095703125,15964.0400390625,16025.740234375,3855240000,15029.44859375,,0.0042532413068450126
2023-11-24,15982.009765625,16007.4296875,15940.6201171875,15974.849609375,2541840000,15039.61099609375,,-0.001211137484824154
2023-11-27,15961.98046875,16045.2998046875,15932.1904296875,15969.7197265625,4205880000,15054.80259765625,,-0.0012532401849785213
2023-11-28,16010.4296875,16031.51953125,15921.0703125,15940.2900390625,4474400000,15070.5037890625,,0.0030352886876947593
2023-11-29,15987.599609375,16166.509765625,15976.6904296875,16111.3603515625,4890220000,15086.431171875,,-0.0014259503692661823
2023-11-30,15947.8701171875,16013.48046875,15825.669921875,15987.66015625,5678070000,15105.99017578125,,-0.002485019212277728
2023-12-01,15997.580078125,16013.75,15834.9296875,15892.58984375,5607000000,15132.05697265625,,0.00311702820327886
2023-12-04,15839.669921875,15852.4501953125,15695.580078125,15837.1201171875,6270020000,15154.82837890625,,-0.009870877687677582
2023-12-05,15877.7099609375,15931.83984375,15760.58984375,15763.650390625,6179120000,15177.0045703125,,0.0024015676620865456
2023-12-06,15788.0498046875,15990.9404296875,15776.9501953125,15990.2001953125,5167030000,15201.84896484375,,-0.0056469198940264365
2023-12-07,16022.490234375,16042.509765625,15875.48046875,15888.23046875,5694310000,15230.69556640625,,0.01484923296972962
2023-12-08,16084.6904296875,16100.8603515625,15937.580078125,15952.849609375,5430840000,15258.333984375,,0.0038820554359930703
2023-12-11,16221.73046875,16232.259765625,16061.8701171875,16069.6201171875,5607820000,15288.4637890625,,0.008519905288917773
2023-12-12,16354.25,16354.25,16175.4599609375,16209.6103515625,4950100000,15318.7973828125,,0.008169259839774234
2023-12-13,16562.369140625,16581.0390625,16357.2099609375,16392.1796875,6732040000,15358.73236328125,,0.012725691525138805
2023-12-14,16537.830078125,16660.7109375,16419.259765625,16603.5390625,8033170000,15393.96396484375,,-0.0014816154797449022
2023-12-15,16623.44921875,16669.76953125,16557.009765625,16587.0,8377630000,15431.9685546875,,0.005177168964763501
2023-12-18,16729.80078125,16764.3203125,16629.2890625,16631.109375,5866080000,15467.099765625,,0.006397683242539198
2023-12-19,16811.849609375,16813.009765625,16733.380859375,16734.25,5757180000,15502.39375,,0.004904351773092008
2023-12-20,16554.16015625,16860.6796875,16552.060546875,16763.640625,6294700000,15530.8465625,,-0.015327846674366041
2023-12-21,16757.41015625,16768.01953125,16621.51953125,16719.609375,5465640000,15561.17236328125,,0.01227788048935019
2023-12-22,16777.400390625,16839.25,16703.5703125,16799.01953125,4796600000,15593.03837890625,,0.0011929190840711534
2023-12-26,16878.4609375,16907.509765625,16813.5703125,16816.779296875,6120600000,15630.7051953125,,0.006023611794558459
2023-12-27,16906.80078125,16922.009765625,16859.55078125,16896.140625,7480170000,15665.3866015625,,0.0016790537866540056
2023-12-28,16898.470703125,16969.169921875,16891.3203125,16963.51953125,5090570000,15700.9158203125,,-0.0004927057598169693
2023-12-29,16825.9296875,16919.509765625,16757.890625,16902.439453125,5441060000,15739.24921875,,-0.00429275624400649
2024-01-02,16543.939453125,16686.599609375,16453.150390625,16667.30078125,5791170000,15774.46541015625,,-0.01675926618096424
2024-01-03,16368.490234375,16471.080078125,16352.1396484375,16413.259765625,5449950000,15810.6176171875,,-0.010605044780725437
2024-01-04,16282.009765625,16419.439453125,16276.4296875,16290.7802734375,5289220000,15844.1608203125,,-0.005283350358628924
2024-01-05,16305.98046875,16415.390625,16249.1904296875,16281.740234375,5232820000,15875.36322265625,,0.0014722201663093237
2024-01-08,16649.869140625,16655.23046875,16349.3896484375,16354.2197265625,6337770000,15920.7278125,,0.021089726713094947
2024-01-09,16678.69921875,16710.880859375,16513.73046875,16531.9609375,5068410000,15972.110390625,,0.0017315498327044043
2024-01-10,16793.05078125,16827.369140625,16654.740234375,16702.55078125,4404590000,16024.3630078125,,0.0068561439354604126
2024-01-11,16820.900390625,16898.16015625,16618.859375,16852.189453125,5044690000,16074.0708203125,,0.0016584008312590104
2024-01-12,16832.919921875,16900.369140625,16776.919921875,16855.0,4958940000,16122.53361328125,,0.0007145593262474215
2024-01-16,16830.7109375,16895.330078125,16726.58984375,16775.099609375,6386180000,16165.84962890625,,-0.00013123001744508311
2024-01-17,16736.279296875,16749.109375,16561.490234375,16705.509765625,5181740000,16202.18421875,,-0.005610674497094403
2024-01-18,16982.2890625,16996.98046875,16818.130859375,16894.330078125,5587440000,16239.8401953125,,0.014699190976750431
2024-01-19,17314.0,17317.2109375,17041.849609375,17060.140625,5604950000,16283.0216015625,,0.019532757702992898
2024-01-22,17330.380859375,17450.30078125,17309.869140625,17403.619140625,5456240000,16323.708828125,,0.0009461048501213654
2024-01-23,17404.2109375,17410.859375,17286.01953125,17346.94921875,5207680000,16365.5282421875,,0.004260153237489961
2024-01-24,17499.30078125,17665.259765625,17481.970703125,17562.3203125,4983210000,16411.75625,,0.005463611311738115
2024-01-25,17516.990234375,17631.33984375,17430.369140625,17589.26953125,5281570000,16451.51365234375,,0.0010108662823804515
2024-01-26,17421.009765625,17514.759765625,17395.5390625,17432.869140625,4510530000,16490.278046875,,-0.005479278544190169
2024-01-29,17596.26953125,17603.94921875,17414.619140625,17438.029296875,4979310000,16525.95404296875,,0.010060252992385221
2024-01-30,17476.7109375,17578.4609375,17443.76953125,17556.490234375,4719240000,16559.14466796875,,-0.006794542078232602
2024-01-31,17137.240234375,17375.3203125,17128.740234375,17269.98046875,5875610000,16585.22607421875,,-0.019424175655191167
2024-02-01,17344.7109375,17356.759765625,17175.830078125,17216.990234375,5046920000,16615.36048828125,,0.012106424388498738
2024-02-02,17642.73046875,17682.2890625,17378.369140625,17415.939453125,4800690000,16647.67390625,,0.017182156123782377
2024-02-05,17613.0390625,17655.76953125,17469.619140625,17634.689453125,4831020000,16681.26228515625,,-0.0016829257978288048
2024-02-06,17572.73046875,17680.619140625,17475.4296875,17664.439453125,4759640000,16712.6891015625,,-0.002288565511435303
2024-02-07,17755.0703125,17784.169921875,17637.73046875,17674.58984375,4567580000,16748.1503125,,0.010376295480902131
2024-02-08,17783.169921875,17814.119140625,17728.55078125,17757.599609375,5675850000,16784.5741015625,,0.0015826245055878818
2024-02-09,17962.41015625,17987.900390625,17798.810546875,17820.98046875,5797260000,16823.6137109375,,0.010079206078693392
2024-02-12,17882.66015625,18041.44921875,17859.66015625,17942.279296875,5458490000,16861.514921875,,-0.004439827356478188
2024-02-13,17600.419921875,17717.669921875,17478.23046875,17519.80078125,5599860000,16894.56591796875,,-0.015782899854323795
2024-02-14,17807.630859375,17815.1796875,17619.919921875,17728.900390625,5092660000,16930.76693359375,,0.011773067825641137
2024-02-15,17845.720703125,17864.58984375,17722.310546875,17815.3203125,6049100000,16970.88794921875,,0.0021389618894727125
2024-02-16,17685.98046875,17864.16015625,17663.400390625,17853.58984375,5223800000,17007.053359375,,-0.008951178662514159
2024-02-20,17546.099609375,17657.080078125,17399.41015625,17591.169921875,5595700000,17042.21435546875,,-0.007909137953768575
2024-02-21,17478.91015625,17482.130859375,17319.439453125,17412.7890625,4845740000,17071.34275390625,,-0.003829309910511447
2024-02-22,18004.69921875,18034.80078125,17808.259765625,17857.759765625,5653930000,17109.7429296875,,0.030081341330769007
2024-02-23,17937.609375,18091.619140625,17902.779296875,18052.58984375,5077910000,17144.0605078125,,-0.0037262407405358466
2024-02-26,17933.330078125,18014.109375,17926.66015625,17970.2109375,5417630000,17175.642109375,,-0.00023856561850232882
2024-02-27,17971.05078125,17987.5390625,17871.060546875,17962.580078125,5423020000,17203.8157421875,,0.0021033853144214465
2024-02-28,17874.5,17931.009765625,17840.359375,17895.029296875,5581690000,17230.549140625,,-0.005372572946637955
2024-02-29,18043.849609375,18068.51953125,17866.259765625,17991.669921875,6265340000,17258.9571484375,,0.009474369038294794
2024-03-01,18302.91015625,18333.259765625,18064.439453125,18069.2890625,5457910000,17290.4193359375,,0.014357276993729684
2024-03-04,18226.48046875,18313.4296875,18218.25,18290.099609375,5725470000,17318.711953125,,-0.004175821595993612
2024-03-05,17897.869140625,18097.5,17804.5,18088.7109375,6356800000,17345.5861328125,,-0.018029335322769402
2024-03-06,18017.5703125,18142.880859375,17941.640625,18083.509765625,5511370000,17370.7893359375,,0.00668801246307571
2024-03-07,18297.990234375,18337.94921875,18101.4296875,18161.73046875,5072790000,17401.2011328125,,0.015563692385340833
2024-03-08,18018.44921875,18416.73046875,17995.380859375,18312.7890625,5411790000,17424.0008984375,,-0.015277143120332903
2024-03-11,17951.689453125,18003.05078125,17873.330078125,17959.6796875,4917620000,17444.898671875,,-0.0037050783235845763
2024-03-12,18219.109375,18228.369140625,17919.330078125,18063.01953125,5100330000,17471.3114453125,,0.014896643715527791
2024-03-13,18068.470703125,18163.740234375,18030.400390625,18151.759765625,4839000000,17496.162265625,,-0.008268168809706156
2024-03-14,18014.810546875,18142.900390625,17913.630859375,18114.689453125,5450980000,17525.5796875,,-0.002969822799708144
2024-03-15,17808.25,17930.470703125,17764.990234375,17926.919921875,8261950000,17554.3748828125,,-0.011466151494489707
2024-03-18,17985.009765625,18124.3203125,17973.08984375,18024.240234375,5025040000,17588.4348828125,,0.009925723505959327
2024-03-19,18032.19921875,18039.8203125,17809.150390625,17902.51953125,4758740000,17622.9592578125,,0.0026238213790239495
2024-03-20,18240.109375,18249.119140625,18003.240234375,18067.69921875,5298380000,17654.7640625,,0.011529938956853059
2024-03-21,18320.380859375,18464.69921875,18317.099609375,18438.240234375,5134740000,17687.5976953125,,0.004400822534815552
2024-03-22,18339.439453125,18386.25,18267.490234375,18293.150390625,4339930000,17718.52546875,,0.0010402946257663803
2024-03-25,18277.060546875,18337.349609375,18189.279296875,18215.5390625,4636940000,17747.648671875,,-0.003401352937173363
2024-03-26,18210.5390625,18378.69921875,18207.880859375,18329.2890625,5144260000,17775.2010546875,,-0.00363961612997854
2024-03-27,18280.83984375,18344.08984375,18168.19921875,18338.189453125,4768930000,17804.2036328125,,0.003860444823117204
2024-03-28,18254.689453125,18308.3203125,18231.380859375,18263.41015625,5174450000,17834.5718359375,,-0.0014304808120695345
2024-04-01,18293.19921875,18391.580078125,18211.279296875,18280.8203125,4798390000,17860.7900390625,,0.0021095820733563198
2024-04-02,18121.779296875,18135.5703125,18002.26953125,18076.4296875,4710280000,17876.945625,,-0.009370691251167185
2024-04-03,18160.189453125,18238.669921875,18045.419921875,18054.439453125,5151500000,17893.541796875,,0.002119557667089822
2024-04-04,17878.779296875,18362.2890625,17875.75,18331.01953125,5368700000,17903.0331640625,,-0.01549599231750165
2024-04-05,18108.4609375,18202.9609375,17912.859375,17940.279296875,4578130000,17915.2163671875,,0.01284660640478652
2024-04-08,18100.189453125,18178.66015625,18050.689453125,18130.439453125,4386700000,17926.8803515625,,-0.00045677456541159955
2024-04-09,18169.900390625,18210.01953125,17973.0703125,18188.869140625,4869190000,17941.8581640625,,0.0038513926984318214
2024-04-10,18011.66015625,18040.830078125,17932.419921875,17957.9609375,5308250000,17950.1659765625,,-0.008708921401497927
2024-04-11,18307.98046875,18337.150390625,17998.25,18085.109375,4714750000,17966.7913671875,,0.016451582470990544
2024-04-12,18003.490234375,18166.490234375,17952.08984375,18117.669921875,4552740000,17984.1163671875,,-0.016631557745800274
2024-04-15,17706.830078125,18152.080078125,17676.349609375,18143.25,4910550000,17991.35875,,-0.016477924690600942
2024-04-16,17713.66015625,17817.73046875,17660.890625,17691.44921875,5001860000,17992.77734375,,0.0003857312740260799
2024-04-17,17493.619140625,17788.5390625,17459.5703125,17785.8203125,4991470000,17990.3889453125,,-0.012422108908268892
2024-04-18,17394.310546875,17590.810546875,17376.490234375,17514.76953125,4932540000,17986.820546875,,-0.005676846680592096
2024-04-19,17037.650390625,17362.279296875,16973.939453125,17334.7109375,5316010000,17972.4721484375,,-0.02050441466414299
2024-04-22,17210.890625,17305.150390625,17010.25,17161.109375,4616730000,17961.0265625,,0.010168082476344598
2024-04-23,17471.470703125,17513.310546875,17277.25,17297.240234375,4951670000,17951.2077734375,,0.015140417994783384
2024-04-24,17526.80078125,17653.66015625,17435.330078125,17613.66015625,4735870000,17944.0905859375,,0.0031668815445000664
2024-04-25,17430.5,17474.4609375,17172.419921875,17205.279296875,4743640000,17940.6921875,,-0.005494487125854763
2024-04-26,17718.30078125,17772.779296875,17533.080078125,17566.220703125,4694400000,17938.9055859375,,0.01651133250623915
2024-04-29,17782.720703125,17820.0,17671.029296875,17801.140625,4972520000,17937.6455859375,,0.003635784416933019
2024-04-30,17440.689453125,17768.869140625,17440.689453125,17720.349609375,5229400000,17932.739765625,,-0.019233910024796907
2024-05-01,17318.55078125,17667.859375,17284.369140625,17382.779296875,5277790000,17928.1887890625,,-0.007003087360925142
2024-05-02,17541.5390625,17575.80078125,17290.640625,17474.919921875,4901610000,17929.4413671875,,0.01287568943074735
2024-05-03,17890.80078125,17926.98046875,17784.779296875,17848.66015625,4887310000,17927.1633984375,,0.019910551605853533
2024-05-06,18093.5703125,18094.4609375,17937.279296875,17950.98046875,4460130000,17930.2826171875,,0.011333731437136452
2024-05-07,18091.44921875,18156.3203125,18061.609375,18106.330078125,5041870000,17933.445,,-0.00011722914346734559
2024-05-08,18085.009765625,18135.33984375,17987.69921875,17987.69921875,4530190000,17935.7241796875,,-0.0003559390431987497
2024-05-09,18113.4609375,18138.01953125,18012.619140625,18095.80078125,4505120000,17940.5033984375,,0.0015731908494225344
2024-05-10,18161.1796875,18247.609375,18099.73046875,18171.150390625,4402110000,17942.85,,0.002634435802448376
2024-05-13,18198.609375,18233.5,18147.5703125,18228.400390625,4452750000,17940.763984375,,0.002060972257532434
2024-05-14,18322.76953125,18339.580078125,18175.30078125,18187.509765625,7270240000,17942.689765625,,0.0068225079011017264
2024-05-15,18596.650390625,18607.529296875,18359.3203125,18412.810546875,8538990000,17956.665390625,,0.01494756886549764
2024-05-16,18557.9609375,18669.5,18553.30078125,18589.98046875,11932600000,17967.473203125,,-0.00208045278651392
2024-05-17,18546.23046875,18590.369140625,18462.25,18571.8203125,9587280000,17972.4380078125,,-0.0006320990107429036
2024-05-20,18674.189453125,18703.830078125,18549.83984375,18559.220703125,6861320000,17985.5528125,,0.006899460490939591
2024-05-21,18713.80078125,18721.1796875,18589.91015625,18603.990234375,6245090000,18000.7950390625,,0.002121180585879179
2024-05-22,18705.19921875,18756.689453125,18606.16015625,18733.5390625,7277340000,18010.5168359375,,-0.00045963738743115545
2024-05-23,18623.390625,18907.5390625,18554.890625,18907.140625,7752800000,18021.615234375,,-0.00437357511103087
2024-05-24,18808.349609375,18851.990234375,18664.7890625,18669.359375,5836040000,18037.486015625,,0.009931541903369201
2024-05-28,18869.439453125,18875.19921875,18755.939453125,18855.150390625,6293380000,18058.7098046875,,0.0032480172380222605
2024-05-29,18736.75,18814.8203125,18706.619140625,18708.0703125,6652480000,18073.744609375,,-0.007031976411097096
2024-05-30,18538.66015625,18705.259765625,18487.759765625,18683.25,6659290000,18083.873828125,,-0.010572262732330806
2024-05-31,18536.650390625,18574.560546875,18189.779296875,18550.80078125,6674090000,18089.8046484375,,-0.00010840943240020273
2024-06-03,18600.970703125,18707.220703125,18392.5703125,18666.720703125,5422040000,18095.4164453125,,0.003469899423281575
2024-06-04,18654.83984375,18697.94921875,18521.849609375,18598.0,4917350000,18101.724453125,,0.00289603921670345
2024-06-05,19035.05078125,19035.869140625,18768.25,18791.279296875,5325000000,18116.8842578125,,0.0203813562959847
2024-06-06,19021.189453125,19071.7890625,18978.859375,19053.009765625,4960580000,18133.097265625,,-0.0007282002178136127
2024-06-07,19000.94921875,19113.880859375,18958.6796875,18992.580078125,4755650000,18147.499453125,,-0.0010640887850299485
2024-06-10,19074.669921875,19089.830078125,18940.7109375,18945.310546875,5207110000,18163.8990625,,0.00387984317395329
2024-06-11,19210.1796875,19212.630859375,18966.560546875,19031.400390625,5009220000,18182.238671875,,0.007104173554772553
2024-06-12,19465.1796875,19556.900390625,19347.279296875,19358.259765625,5560630000,18209.1066796875,,0.01327421211816815
2024-06-13,19576.919921875,19639.44921875,19473.7109375,19609.05078125,4916020000,18237.4412890625,,0.005740519027767066
2024-06-14,19659.80078125,19664.58984375,19534.619140625,19557.220703125,4973820000,18273.06171875,,0.004233600571782903
2024-06-17,19902.75,19977.83984375,19623.7109375,19681.859375,6061200000,18308.9475,,0.012357664324946116
2024-06-18,19908.859375,19940.5,19837.859375,19904.4296875,5796180000,18345.1208984375,16919.5596875,0.000306961349562318
2024-06-20,19752.30078125,19979.9296875,19685.029296875,19962.970703125,6289300000,18376.76890625,16940.866889648438,-0.00786376511085285
2024-06-21,19700.4296875,19801.970703125,19643.51953125,19722.369140625,8589160000,18410.544296875,16961.82783691406,-0.0026260785679832477
2024-06-24,19474.619140625,19723.19921875,19472.529296875,19648.23046875,5503210000,18433.8770703125,16982.34373046875,-0.011462214299735707
2024-06-25,19701.130859375,19712.419921875,19523.509765625,19555.83984375,4848280000,18467.8298828125,17004.556787109374,0.011631124445329322
2024-06-26,19751.05078125,19763.55078125,19654.1796875,19671.0703125,5294310000,18508.714296875,17026.910888671875,0.0025338607327327622
2024-06-27,19789.029296875,19850.810546875,19701.33984375,19740.51953125,5382060000,18550.2216796875,17048.546684570312,0.0019228605123660092
2024-06-28,19682.869140625,20017.7109375,19665.849609375,19817.0,8960940000,18594.0066796875,17070.512329101562,-0.0053645964467172735
2024-07-01,19812.220703125,19827.75,19577.5390625,19720.109375,5189990000,18642.3648828125,17092.83078125,0.006571783898772221
2024-07-02,20011.890625,20014.919921875,19741.810546875,19746.220703125,4526550000,18701.8496875,17115.520786132813,0.010078119200615632
2024-07-03,20186.630859375,20186.630859375,19995.279296875,19995.279296875,3713960000,18761.3644921875,17140.441938476564,0.008731820378665489
2024-07-05,20391.970703125,20407.0,20201.5,20224.130859375,4851000000,18819.7744921875,17166.27494140625,0.010172071069236344
2024-07-08,20439.5390625,20455.380859375,20363.369140625,20393.890625,5286260000,18878.0292578125,17192.516484375,0.002332700456837644
2024-07-09,20453.01953125,20543.900390625,20395.5703125,20504.169921875,4839140000,18938.4796484375,17219.931982421876,0.00065952899959143
2024-07-10,20675.380859375,20690.970703125,20479.939453125,20533.26953125,5228240000,18997.62125,17249.837685546874,0.01087180930841325
2024-07-11,20211.359375,20672.099609375,20165.0,20661.41015625,6366620000,19046.1940234375,17277.388984375,-0.022443189198354974
2024-07-12,20331.490234375,20526.080078125,20217.990234375,20226.23046875,5845930000,19104.0100390625,17305.20193359375,0.0059437298177773545
2024-07-15,20386.880859375,20585.169921875,20304.529296875,20401.01953125,5450350000,19165.376640625,17334.4071875,0.002724376047278154
2024-07-16,20398.619140625,20477.0,20266.509765625,20441.529296875,5812930000,19222.5182421875,17363.499482421874,0.0005757762225113705
2024-07-17,19799.140625,20080.26953125,19793.75,20041.310546875,6007280000,19260.6850390625,17388.981337890626,-0.029388191009023013
2024-07-18,19705.08984375,19947.98046875,19575.7890625,19936.240234375,5977260000,19292.9154296875,17413.9305859375,-0.0047502456309261865
2024-07-19,19522.619140625,19784.48046875,19479.380859375,19687.80078125,4992930000,19321.538828125,17437.355830078126,-0.00926007973431675
2024-07-22,19822.869140625,19861.720703125,19638.369140625,19751.01953125,5093620000,19356.296015625,17463.642075195312,0.015379596243580096
2024-07-23,19754.33984375,19904.599609375,19736.220703125,19783.330078125,4938000000,19389.11359375,17488.532524414062,-0.0034570826447396508
2024-07-24,19032.390625,19482.55078125,19005.470703125,19475.66015625,6735560000,19406.5378125,17510.07837890625,-0.036546360164924185
2024-07-25,18830.580078125,19227.19921875,18721.7109375,19041.150390625,6114350000,19419.1772265625,17529.365078125,-0.010603531151252787
2024-07-26,19023.66015625,19142.6796875,18899.310546875,18990.19921875,5281560000,19433.1950390625,17549.247626953125,0.010253538516813654
2024-07-29,19059.490234375,19224.58984375,18974.509765625,19122.4296875,4897230000,19442.4518359375,17568.88748046875,0.0018834481814073989
2024-07-30,18796.26953125,19165.419921875,18667.220703125,19129.560546875,5564310000,19447.2180078125,17586.663227539062,-0.013810479707912937
2024-07-31,19362.4296875,19426.619140625,19162.91015625,19222.849609375,6292560000,19463.5419921875,17607.554877929688,0.030120878789736683
2024-08-01,18890.390625,19538.970703125,18737.08984375,19375.970703125,6664550000,19467.866015625,17627.03123046875,-0.024379123390941948
2024-08-02,18440.849609375,18628.779296875,18263.5,18494.240234375,6313870000,19462.4069921875,17643.371826171875,-0.023797338263088497
2024-08-05,17895.16015625,18169.490234375,17435.390625,17444.400390625,6852190000,19446.2062109375,17657.237578125,-0.02959134013259246
2024-08-06,18077.919921875,18368.6796875,17858.8203125,17961.44921875,5908930000,19435.296796875,17673.08087890625,0.01021280413414849
2024-08-07,17867.369140625,18445.75,17851.080078125,18345.44921875,5913620000,19416.4771875,17688.502075195312,-0.011646847765667157
2024-08-08,18413.8203125,18445.41015625,17965.0703125,18102.05078125,5815880000,19407.3648046875,17707.76677734375,0.03058375117087242
2024-08-09,18513.099609375,18567.630859375,18313.779296875,18373.890625,5783410000,19402.891796875,17727.30802734375,0.005391564335381682
2024-08-12,18542.029296875,18665.75,18433.609375,18548.23046875,4890850000,19402.9591796875,17746.288872070312,0.001562660392393278
2024-08-13,19006.4296875,19013.009765625,18723.740234375,18724.83984375,5469160000,19412.354765625,17769.412822265625,0.02504582336644612
2024-08-14,19022.6796875,19103.0,18837.099609375,19043.759765625,4985480000,19420.7889453125,17793.978369140626,0.0008549738308130106
2024-08-15,19490.150390625,19502.919921875,19239.939453125,19251.859375,5478170000,19437.49515625,17820.527021484377,0.024574387562872113
2024-08-16,19508.51953125,19561.240234375,19376.720703125,19393.73046875,5138150000,19446.96453125,17846.3920703125,0.0009424832675399841
2024-08-19,19766.490234375,19767.4296875,19445.099609375,19521.9296875,5564300000,19461.870546875,17873.17562011719,0.013223489497076635
2024-08-20,19719.8203125,19835.380859375,19652.1796875,19736.349609375,5305260000,19476.24796875,17898.45017089844,-0.0023610626530874423
2024-08-21,19824.83984375,19885.33984375,19690.640625,19758.470703125,4765150000,19491.2513671875,17922.97662109375,0.005325582565447018
2024-08-22,19491.83984375,19938.890625,19459.859375,19911.279296875,5065360000,19496.8845703125,17944.938369140626,-0.01679710921372124
2024-08-23,19720.869140625,19818.400390625,19526.630859375,19669.779296875,5380810000,19501.998359375,17967.76806640625,0.011750009168500108
2024-08-26,19516.439453125,19726.900390625,19437.33984375,19679.240234375,5110940000,19500.78875,17988.870166015626,-0.010366160134335778
2024-08-27,19581.51953125,19617.919921875,19369.529296875,19450.5703125,4362380000,19499.223125,18010.2115625,0.0033346286489044363
2024-08-28,19350.779296875,19587.0390625,19221.48046875,19567.44921875,5211920000,19488.1837109375,18031.02595703125,-0.01178357144381792
2024-08-29,19325.44921875,19622.73046875,19281.650390625,19425.279296875,5727780000,19476.5155078125,18050.007602539063,-0.0013089952469815813
2024-08-30,19574.640625,19582.169921875,19326.619140625,19506.26953125,5531150000,19472.9623046875,18070.46685546875,0.012894469020064525
2024-09-03,18958.740234375,19438.109375,18869.80078125,19438.109375,5813970000,19458.128515625,18086.198208007812,-0.031464199135201265
2024-09-04,18921.400390625,19070.8203125,18808.759765625,18832.640625,5011820000,19447.064140625,18101.719311523437,-0.0019695319039341186
2024-09-05,18930.330078125,19102.359375,18806.830078125,18864.419921875,4983030000,19431.648125,18117.205112304688,0.0004719358670950413
2024-09-06,18421.310546875,18930.76953125,18400.970703125,18903.029296875,5549030000,19405.0533203125,18130.12171386719,-0.026889099616820733
2024-09-09,18660.779296875,18693.859375,18469.400390625,18579.80078125,5132150000,19382.4883203125,18143.2903125,0.012999550134646931
2024-09-10,18829.140625,18845.740234375,18570.669921875,18722.150390625,4963740000,19365.41375,18157.76791503906,0.009022202419659564
2024-09-11,19237.30078125,19266.390625,18531.580078125,18866.0,6086930000,19353.9153515625,18173.947470703126,0.02167704646637314
2024-09-12,19423.0703125,19456.41015625,19166.80078125,19236.419921875,4983120000,19342.1389453125,18191.1527734375,0.009656735805215755
2024-09-13,19514.58984375,19556.80078125,19384.689453125,19396.099609375,4802880000,19328.698125,18208.9158203125,0.004711898262094172
2024-09-16,19423.060546875,19446.060546875,19294.1796875,19412.7890625,4675530000,19309.319921875,18225.978974609374,-0.004690300826605043
2024-09-17,19432.400390625,19596.33984375,19337.119140625,19539.75,4959520000,19289.1771484375,18243.202978515626,0.0004808636480053696
2024-09-18,19344.490234375,19643.509765625,19330.810546875,19478.509765625,5611630000,19267.0065625,18260.186079101564,-0.004523895889486318
2024-09-19,19839.830078125,19951.7890625,19723.939453125,19798.7109375,5574650000,19250.295546875,18279.39732910156,0.025606249518520974
2024-09-20,19791.490234375,19845.69921875,19632.73046875,19816.2890625,9914480000,19241.8981640625,18299.15643066406,-0.0024365049276958706
2024-09-23,19852.19921875,19892.779296875,19797.8203125,19848.7109375,5237310000,19232.31234375,18319.028876953125,0.00306742866030163
2024-09-24,19944.83984375,19984.470703125,19739.669921875,19917.560546875,5347580000,19223.4715234375,18339.81282714844,0.0046665169928630235
2024-09-25,19972.609375,20043.4296875,19921.220703125,19922.279296875,4858060000,19214.951328125,18359.563422851563,0.0013923165825120432
2024-09-26,20115.5390625,20273.30078125,19966.990234375,20273.30078125,5669210000,19221.279296875,18379.717666015626,0.007156285131120876
2024-09-27,20008.619140625,20152.529296875,19964.130859375,20147.279296875,5367890000,19227.3498828125,18398.652109375,-0.005315289913076393
2024-09-30,20060.689453125,20072.4296875,19852.849609375,19959.259765625,5846150000,19238.1112890625,18417.184306640625,0.0026023941049624355
2024-10-01,19773.30078125,20056.19921875,19622.2890625,20046.060546875,5879980000,19237.119921875,18433.23896484375,-0.014325961854228852
2024-10-02,19802.58984375,19876.69921875,19630.91015625,19725.94921875,5489040000,19238.084921875,18449.562763671875,0.0014812429560457918
2024-10-03,19793.33984375,19902.69921875,19688.220703125,19712.330078125,5208990000,19253.30390625,18465.412216796874,-0.0004671106190142771
2024-10-04,20035.01953125,20045.689453125,19829.490234375,20025.16015625,5136070000,19277.3926953125,18481.938310546873,0.012210151970705185
2024-10-07,19800.740234375,19990.119140625,19763.0390625,19954.66015625,5240320000,19292.934296875,18496.882763671874,-0.011693489817146352
2024-10-08,20107.779296875,20132.669921875,19881.080078125,19902.2109375,5566510000,19313.900078125,18514.650859375,0.015506443641281953
2024-10-09,20268.859375,20284.419921875,20047.859375,20097.560546875,5228670000,19343.351875,18532.20810546875,0.0080108338045084
2024-10-10,20241.759765625,20314.240234375,20117.19921875,20165.25,5855390000,19360.9384765625,18549.52990234375,-0.0013370071237667203
2024-10-11,20271.970703125,20313.19921875,20142.1796875,20154.83984375,5140440000,19388.570078125,18566.497451171876,0.0014925054861734122
2024-10-14,20439.05078125,20493.900390625,20355.060546875,20366.060546875,4894710000,19428.5341015625,18584.158701171877,0.008241925788657678
2024-10-15,20159.830078125,20484.310546875,20083.560546875,20442.76953125,6522700000,19473.8275,18600.465498046877,-0.013661138480126844
2024-10-16,20174.05078125,20200.58984375,20036.73046875,20172.869140625,5257570000,19515.7501171875,18617.206103515626,0.0007053979656519438
2024-10-17,20190.419921875,20377.650390625,20186.4296875,20375.2890625,5806860000,19562.2111328125,18635.438505859376,0.0008113958273672228
2024-10-18,20324.0390625,20360.2890625,20273.55078125,20288.48046875,5090190000,19600.4155078125,18655.21625,0.006617947578209327
2024-10-21,20361.470703125,20386.6796875,20193.029296875,20280.490234375,6092180000,19637.3829296875,18675.6135546875,0.0018417422102905423
2024-10-22,20390.4609375,20437.9296875,20218.849609375,20256.970703125,6407180000,19674.3515625,18696.03595703125,0.0014237789989575145
2024-10-23,20066.9609375,20312.779296875,19934.919921875,20303.55078125,6245610000,19695.5621875,18713.121416015623,-0.01586526175114822
2024-10-24,20232.869140625,20256.380859375,20116.880859375,20197.619140625,5761280000,19719.7659765625,18730.892265625,0.008267729410633473
2024-10-25,20352.01953125,20552.8203125,20322.25,20354.91015625,6100040000,19737.003359375,18748.687109375,0.0058889517743068165
2024-10-28,20351.0703125,20470.4296875,20344.8203125,20455.009765625,5641660000,19753.854375,18766.337958984375,-4.664002746967988e-05
2024-10-29,20550.650390625,20600.099609375,20294.580078125,20369.080078125,6881170000,19769.537578125,18784.926611328126,0.009806859052637451
2024-10-30,20387.69921875,20559.51953125,20378.75,20510.919921875,6514690000,19782.89515625,18802.711552734374,-0.007929246460702588
2024-10-31,19890.419921875,20227.189453125,19880.259765625,20227.189453125,6411940000,19784.2067578125,18818.482255859373,-0.024391143480166022
2024-11-01,20033.140625,20162.5390625,19950.990234375,19955.830078125,5896470000,19795.0327734375,18833.736513671876,0.0071753489210169
2024-11-04,19963.599609375,20106.990234375,19898.5703125,20011.55078125,5762320000,19799.8873828125,18846.98451171875,-0.0034712987307750076
2024-11-05,20227.4609375,20249.2109375,20042.9296875,20042.9296875,7060340000,19814.1078125,18861.469912109376,0.01321712182612056
2024-11-06,20781.330078125,20807.029296875,20526.640625,20571.2890625,8138050000,19838.1040234375,18878.3555078125,0.02738203980896947
2024-11-07,21101.5703125,21132.80078125,20896.41015625,20896.41015625,9232670000,19873.11984375,18896.36685546875,0.01540999701034984
2024-11-08,21117.1796875,21155.0,21050.3203125,21083.580078125,7316010000,19908.954453125,18914.367802734374,0.0007397257535262103
2024-11-11,21106.58984375,21182.029296875,20993.48046875,21171.240234375,8087930000,19939.5934375,18932.795703125,-0.0005014800227450822
2024-11-12,21070.7890625,21144.669921875,20946.740234375,21105.490234375,7816410000,19981.8344140625,18950.16830078125,-0.0016961897452421049
2024-11-13,21036.16015625,21154.939453125,20955.240234375,21049.66015625,9623670000,20024.129609375,18967.965546875,-0.0016434555985199717
2024-11-14,20896.669921875,21067.66015625,20864.01953125,21052.0703125,8680480000,20063.45640625,18986.7626953125,-0.006630974157779246
2024-11-15,20394.130859375,20684.560546875,20315.080078125,20679.98046875,8002270000,20102.9128125,19002.009794921876,-0.02404876300285208
2024-11-18,20539.189453125,20622.279296875,20401.259765625,20450.2109375,8455360000,20140.481015625,19016.49208984375,0.00711276174259301
2024-11-19,20684.58984375,20696.470703125,20423.30078125,20435.6796875,7246610000,20177.59,19031.84984375,0.007079168871626518
2024-11-20,20667.099609375,20676.5703125,20402.5390625,20660.83984375,7121670000,20206.1859765625,19047.321689453125,-0.000845568343734171
2024-11-21,20740.779296875,20814.9296875,20436.80078125,20775.26953125,7492540000,20232.54015625,19062.250234375,0.003565071485240212
2024-11-22,20776.23046875,20797.240234375,20655.720703125,20737.490234375,6575820000,20257.77296875,19077.215537109376,0.0017092497522666061
2024-11-25,20804.890625,20998.490234375,20712.380859375,20918.759765625,7932980000,20285.4095703125,19091.427939453126,0.0013794685370431825
2024-11-26,20922.900390625,20944.900390625,20832.400390625,20871.55078125,6411770000,20315.2195703125,19106.629140625,0.005672212738441207
2024-11-27,20744.490234375,20853.080078125,20615.419921875,20852.4296875,5619090000,20343.2195703125,19122.3494921875,-0.00852702794159177
2024-11-29,20930.369140625,20956.310546875,20751.9609375,20771.01953125,4042550000,20365.0303515625,19137.96318359375,0.008960398840844208
2024-12-02,21164.599609375,21201.029296875,20971.759765625,20971.759765625,6370530000,20392.4925390625,19154.557578125,0.011190938257050087
2024-12-03,21229.3203125,21235.7890625,21081.810546875,21106.509765625,6005160000,20420.0349609375,19172.27427734375,0.0030579696436274784
2024-12-04,21492.359375,21498.439453125,21340.83984375,21361.810546875,7870030000,20450.9853515625,19192.005576171876,0.012390366654608354
2024-12-05,21425.220703125,21517.490234375,21411.529296875,21488.51953125,7229510000,20480.037578125,19211.73712890625,-0.0031238390678082206
2024-12-06,21622.25,21626.310546875,21449.619140625,21458.580078125,6787610000,20510.171796875,19229.8248828125,0.009196138495145778
2024-12-09,21440.8203125,21609.990234375,21400.76953125,21573.759765625,7884620000,20538.8158203125,19247.3409375,-0.008390879186948585
2024-12-10,21368.1796875,21567.01953125,21313.26953125,21492.509765625,6843850000,20564.965625,19264.515185546876,-0.003387959226431758
2024-12-11,21763.98046875,21784.7109375,21533.890625,21540.380859375,6639720000,20604.77921875,19283.479833984376,0.018522905883346485
2024-12-12,21615.26953125,21715.830078125,21596.669921875,21652.849609375,7047550000,20641.0328125,19302.183681640625,-0.006832892434981197
2024-12-13,21780.25,21886.740234375,21646.08984375,21789.650390625,6028250000,20680.771015625,19320.86568359375,0.007632589013589763
2024-12-16,22096.66015625,22133.220703125,21879.740234375,21891.359375,8855040000,20722.003828125,19339.83443359375,0.014527388631902838
2024-12-17,22001.080078125,22062.0,21921.2109375,22003.640625,9534350000,20766.010625,19358.707431640625,-0.004325544107079193
2024-12-18,21209.3203125,22038.080078125,21146.830078125,21979.529296875,9996120000,20788.0414453125,19375.2646875,-0.03598731347795159
2024-12-19,21110.509765625,21413.740234375,21093.4609375,21358.7890625,8029590000,20804.874453125,19390.729384765626,-0.004658826658238802
2024-12-20,21289.150390625,21540.3203125,20913.720703125,20939.640625,10962450000,20825.822265625,19405.685185546874,0.008462165385076936
2024-12-23,21503.169921875,21510.08984375,21224.26953125,21364.259765625,6820720000,20850.44625,19423.1087890625,0.01005298601978244
2024-12-24,21797.650390625,21797.650390625,21558.970703125,21564.369140625,4739190000,20877.6182421875,19442.33859375,0.013694746859179485
2024-12-26,21768.310546875,21837.69921875,21645.619140625,21733.98046875,6467910000,20909.7878515625,19460.084599609374,-0.0013460094654338395
2024-12-27,21473.01953125,21642.259765625,21292.189453125,21633.099609375,7765120000,20935.7672265625,19477.10734375,-0.013565178381167109
2024-12-30,21197.08984375,21346.060546875,21046.630859375,21189.099609375,8384090000,20955.900625,19493.018740234376,-0.012850064570492092
2024-12-31,21012.169921875,21276.140625,20979.51953125,21256.01953125,8873030000,20969.6632421875,19509.03833984375,-0.00872383535844301
2025-01-02,20975.619140625,21236.58984375,20800.5,21120.05078125,8737550000,20981.9462109375,19523.99138671875,-0.0017395053145818906
2025-01-03,21326.16015625,21359.630859375,21075.890625,21096.7890625,8214050000,21000.6601953125,19540.46119140625,0.016711831640100705
2025-01-06,21559.5,21703.490234375,21462.51953125,21551.1796875,9586840000,21030.5109765625,19557.05814453125,0.010941484169695537
2025-01-07,21173.0390625,21621.25,21101.08984375,21619.890625,13371130000,21049.314375,19571.321435546874,-0.01792532004452796
2025-01-08,21180.970703125,21242.609375,20992.080078125,21156.759765625,8851720000,21065.8933984375,19585.529091796874,0.00037461039964958864
2025-01-10,20847.580078125,21015.509765625,20718.779296875,21012.2890625,8608880000,21075.82359375,19598.381689453126,-0.015740101323628797
2025-01-13,20784.720703125,20797.099609375,20538.330078125,20593.650390625,7830760000,21080.505,19611.25259765625,-0.0030151880824746957
2025-01-14,20757.41015625,20969.51953125,20622.720703125,20896.359375,7168110000,21087.89921875,19623.63544921875,-0.0013139722811331689
2025-01-15,21237.849609375,21286.009765625,21024.26953125,21067.810546875,7260250000,21114.8478125,19638.55125,0.02314544297715959
2025-01-16,21091.25,21330.58984375,21087.849609375,21324.98046875,7085990000,21136.01,19652.54150390625,-0.006902752023928427
2025-01-17,21441.16015625,21515.759765625,21334.630859375,21461.900390625,7996360000,21165.5612109375,19669.138408203125,0.01659029959106273
2025-01-21,21566.509765625,21620.23046875,21379.060546875,21557.8203125,8015780000,21192.3421875,19686.170009765625,0.005846213939056044
2025-01-22,21853.0,21943.0390625,21756.23046875,21756.23046875,7219060000,21213.7755859375,19706.04111328125,0.013284033322426447
2025-01-23,21900.9296875,21900.9296875,21722.0390625,21737.240234375,6837700000,21229.7627734375,19725.00345703125,0.0021932772388231214
2025-01-24,21774.009765625,21945.48046875,21709.060546875,21915.48046875,7708150000,21242.899375,19743.37255859375,-0.005795184208432946
2025-01-27,21127.279296875,21292.5390625,20974.900390625,21000.169921875,8870200000,21243.3131640625,19758.159453125,-0.029701946297966852
2025-01-28,21463.0390625,21500.73046875,21043.130859375,21186.080078125,7121740000,21251.1581640625,19775.41634765625,0.01589223869798806
2025-01-29,21411.4609375,21477.880859375,21251.80078125,21473.009765625,6497710000,21258.6641796875,19790.93375,-0.002403113783178812
2025-01-30,21508.119140625,21623.44921875,21308.689453125,21519.810546875,6679500000,21270.8931640625,19808.45689453125,0.004514320783955084
2025-01-31,21478.05078125,21846.009765625,21425.7890625,21661.560546875,7947370000,21292.5715625,19827.312998046877,-0.0013980004099105603
2025-02-03,21297.580078125,21406.580078125,21004.349609375,21084.640625,8272460000,21307.739375,19845.23259765625,-0.008402564318478523
2025-02-04,21566.919921875,21582.400390625,21308.240234375,21319.580078125,6477050000,21325.3859765625,19865.5991015625,0.012646499872849049
2025-02-05,21658.16015625,21662.98046875,21408.640625,21453.869140625,6712220000,21345.2071875,19886.918349609376,0.0042305639704469655
2025-02-06,21774.0703125,21776.080078125,21618.25,21674.169921875,6642100000,21365.8730078125,19910.60044921875,0.0053518006799184725
2025-02-07,21491.310546875,21869.3203125,21465.4609375,21776.279296875,7748940000,21380.174609375,19932.002548828124,-0.01298607754851766
2025-02-10,21756.73046875,21793.130859375,21645.169921875,21670.060546875,9535440000,21399.21140625,19953.42884765625,0.012350104070949497
2025-02-11,21693.51953125,21776.25,21625.509765625,21629.109375,9269380000,21414.6237890625,19974.26244140625,-0.0029053509483326634
2025-02-12,21719.259765625,21745.66015625,21454.189453125,21475.41015625,7946550000,21434.1191796875,19995.706240234376,0.0011865402632302846
2025-02-13,22030.7109375,22038.150390625,21758.0390625,21786.16015625,8414510000,21456.126015625,20017.268291015625,0.014339861267644638
2025-02-14,22114.689453125,22139.4296875,22010.349609375,22038.609375,7995720000,21475.1278125,20038.928134765625,0.0038118840496452755
2025-02-18,22164.609375,22191.369140625,22029.580078125,22176.009765625,8683170000,21493.83359375,20062.547734375,0.0022573195965880366
2025-02-19,22175.599609375,22222.609375,22045.75,22121.73046875,8171530000,21507.4983984375,20086.832978515624,0.0004958460665405173
2025-02-20,22068.060546875,22148.439453125,21878.75,22132.7109375,7329270000,21520.3551953125,20109.4655859375,-0.004849432006092669
2025-02-21,21614.080078125,22115.2109375,21597.16015625,22110.5390625,8461020000,21520.191796875,20128.081982421874,-0.020571833568504783
2025-02-24,21352.080078125,21727.580078125,21341.9609375,21669.359375,7414760000,21518.4169921875,20144.37453125,-0.012121728014932387
2025-02-25,21087.25,21326.810546875,20930.580078125,21318.76953125,7991440000,21512.7983984375,20159.35353515625,-0.012403010721017127
2025-02-26,21132.919921875,21350.51953125,21012.619140625,21170.509765625,7034450000,21500.1771875,20174.5930859375,0.002165759967516001
2025-02-27,20550.94921875,21323.91015625,20540.6796875,21281.359375,7700290000,21478.89078125,20186.78052734375,-0.027538584600540372
2025-02-28,20884.41015625,20900.76953125,20407.44921875,20518.650390625,8247520000,21460.973984375,20200.3966796875,0.016226060117737084
2025-03-03,20425.580078125,21073.80078125,20279.5,20989.580078125,8170140000,21427.5523828125,20211.531533203124,-0.021969980224109342
2025-03-04,20352.529296875,20688.4609375,20034.6796875,20281.880859375,8469180000,21394.5813671875,20221.68033203125,-0.0035764360654919614
2025-03-05,20628.4609375,20688.720703125,20182.5703125,20363.220703125,7048430000,21382.9641796875,20231.839384765626,0.013557609307427443
2025-03-06,20052.630859375,20473.41015625,19968.560546875,20231.740234375,7686200000,21361.8066015625,20239.312734375,-0.027914349978393815
2025-03-07,20201.369140625,20253.220703125,19736.810546875,20015.619140625,8135420000,21340.0509765625,20247.588427734376,0.0074173948691855784
